aic,bic,hqic,nobs,selected_lags
-11.649092693913929,-11.53259504613892,-11.60544655422097,1339,7
